{
    "rmse": 0.784536845205255,
    "mae": 0.6509974253101631,
    "r2": 0.037344185361307125
}